"","CBT_ncomm","Method","mean","var"
"1",10,"Hybrid-AI-EC",0.39473083855056,0.118884678578961
"2",10,"Hybrid-AI",0.394453376968317,0.118180253423749
"3",10,"Hybrid",0.453100929614874,0.12172842063121
"4",10,"Hybrid-EC",0.45074677480554,0.121844086479641
"5",10,"Probit",0.560164105482831,0.119264507402699
"6",10,"PMT",0.498688579017264,0.121748563561429
"7",200,"Hybrid-AI-EC",0.322986754023643,0.103200153107335
"8",200,"Hybrid-AI",0.323869344347909,0.103753341928651
"9",200,"Hybrid",0.322431514978873,0.103746938717097
"10",200,"Hybrid-EC",0.322733703650952,0.104086792943973
"11",200,"Probit",0.345051037364098,0.112997127369514
"12",200,"PMT",0.367846223235057,0.115251061647022
