"CBT_ncomm","mean_EER"
10,0.40098151802313
50,0.321420343275796
100,0.306290375160963
200,0.299400908323932
