"CBT_ncomm","mean_EER"
5,0.653094738057951
10,0.61115247254041
15,0.587644902052834
25,0.567390135679123
